instance_id,seed,category,n_workers,n_shifts,n_vars,n_qubits,exact_feasible,exact_optimal_cost,exact_optimal_assignment,exact_runtime,greedy_feasible,greedy_cost,greedy_assignment,greedy_runtime,greedy_failed,qaoa_feasible,qaoa_optimal_energy,qaoa_optimal_params,qaoa_shots,qaoa_p,qaoa_optimizer,qaoa_maxiter,qaoa_seed,qaoa_feasible_samples,qaoa_feasible_rate,qaoa_optimal_solution_probability,qaoa_best_feasible_cost,qaoa_mean_feasible_cost,qaoa_assignment_cost_best,qaoa_qubo_energy_best,qaoa_circuit_depth,qaoa_two_qubit_gate_count,qaoa_optimizer_evaluations,qaoa_runtime,absolute_gap,relative_gap,python_version,qiskit_version,qiskit_aer_version,backend,timestamp
easy_000,1000,easy,3,3,8,8,True,9.032556823015048,"{""0,2"": 1, ""1,0"": 1, ""2,1"": 1}",0.0017600059509277344,True,9.245193424348848,"{""1,0"": 1, ""0,1"": 1, ""2,2"": 1}",2.3126602172851562e-05,False,True,30.494866197128523,"[2.4348097470115717, 2.312321896416765]",1024,1,COBYLA,100,42,10,0.009765625,0.0078125,9.032556823015048,9.172691562202877,9.032556823015048,9.03255682301505,31,28,33,0.6294910907745361,0.0,0.0,3.14.3,2.3.1,0.17.2,AerSimulator,2026-10-07T22:50:41.331956
easy_001,1001,easy,3,3,8,8,True,6.804382899889648,"{""0,1"": 1, ""1,2"": 1, ""2,0"": 1}",0.0017180442810058594,True,6.804382899889648,"{""2,0"": 1, ""0,1"": 1, ""1,2"": 1}",1.6927719116210938e-05,False,True,40.39261352459965,"[1.0384548424659643, 1.0837622334237091]",1024,1,COBYLA,100,42,37,0.0361328125,0.0107421875,6.804382899889648,7.579205742542086,6.804382899889648,6.804382899889649,31,28,31,0.20892000198364258,0.0,0.0,3.14.3,2.3.1,0.17.2,AerSimulator,2026-10-07T22:50:41.542873
easy_002,1002,easy,3,3,6,6,True,8.385372706806141,"{""0,2"": 1, ""1,0"": 1, ""2,1"": 1}",0.00041103363037109375,True,8.385372706806141,"{""0,2"": 1, ""1,0"": 1, ""2,1"": 1}",1.5974044799804688e-05,False,True,20.54775250706739,"[1.9681582490602783, 1.015909262601671]",1024,1,COBYLA,100,42,26,0.025390625,0.025390625,8.385372706806141,8.385372706806141,8.385372706806141,8.385372706806141,22,16,26,0.11128020286560059,0.0,0.0,3.14.3,2.3.1,0.17.2,AerSimulator,2026-10-07T22:50:41.654749
easy_003,1003,easy,3,3,8,8,True,8.641624027511075,"{""0,1"": 1, ""1,2"": 1, ""2,0"": 1}",0.001725912094116211,True,8.641624027511075,"{""0,1"": 1, ""2,0"": 1, ""1,2"": 1}",2.002716064453125e-05,False,True,33.56485235048034,"[1.974688538178561, 1.013969417198717]",1024,1,COBYLA,100,42,56,0.0546875,0.0,10.703786520494642,10.703786520494644,10.703786520494642,10.703786520494642,31,28,31,0.17757892608642578,2.0621624929835676,0.23863135984839914,3.14.3,2.3.1,0.17.2,AerSimulator,2026-10-07T22:50:41.834227
easy_004,1004,easy,3,3,7,7,True,6.859770159846649,"{""0,1"": 1, ""1,0"": 1, ""2,2"": 1}",0.000827789306640625,True,7.619902314475479,"{""0,0"": 1, ""2,2"": 1, ""1,1"": 1}",1.52587890625e-05,False,True,25.61794642857963,"[3.550104440916219, -2.3954178074413432]",1024,1,COBYLA,100,42,31,0.0302734375,0.01953125,6.859770159846649,7.171286905893328,6.859770159846649,6.859770159846651,25,20,37,0.17660117149353027,0.0,0.0,3.14.3,2.3.1,0.17.2,AerSimulator,2026-10-07T22:50:42.011861
easy_005,1005,easy,3,3,7,7,True,9.988610313196105,"{""0,0"": 1, ""1,2"": 1, ""2,1"": 1}",0.0008220672607421875,True,9.988610313196105,"{""0,0"": 1, ""2,1"": 1, ""1,2"": 1}",1.811981201171875e-05,False,True,41.33394492509971,"[0.6386790457091527, 0.7917296046892063]",1024,1,COBYLA,100,42,23,0.0224609375,0.01953125,9.988610313196105,9.994897263211385,9.988610313196105,9.988610313196105,25,22,39,0.17803406715393066,0.0,0.0,3.14.3,2.3.1,0.17.2,AerSimulator,2026-10-07T22:50:42.190928
easy_006,1006,easy,3,3,8,8,True,7.194225892465974,"{""0,2"": 1, ""1,0"": 1, ""2,1"": 1}",0.0017209053039550781,True,7.194225892465974,"{""0,2"": 1, ""1,0"": 1, ""2,1"": 1}",1.7881393432617188e-05,False,True,30.374576419407646,"[0.8625179663644058, 0.5455529459570106]",1024,1,COBYLA,100,42,123,0.1201171875,0.05859375,7.194225892465974,8.010220504048963,7.194225892465974,7.1942258924659725,31,28,34,0.213608980178833,0.0,0.0,3.14.3,2.3.1,0.17.2,AerSimulator,2026-10-07T22:50:42.406459
easy_007,1007,easy,3,3,9,9,True,7.487699414568107,"{""0,0"": 1, ""1,1"": 1, ""2,2"": 1}",0.0035619735717773438,True,8.467352794207246,"{""0,0"": 1, ""2,1"": 1, ""1,2"": 1}",1.8835067749023438e-05,False,True,43.22511573168048,"[2.0157525216483503, 1.1099917133306723]",1024,1,COBYLA,100,42,85,0.0830078125,0.0,8.09834889877999,10.640060819468719,8.09834889877999,8.098348898779992,37,36,29,0.23874783515930176,0.6106494842118835,0.08155368563858222,3.14.3,2.3.1,0.17.2,AerSimulator,2026-10-07T22:50:42.648980
easy_008,1008,easy,3,3,8,8,True,7.756155949866569,"{""0,0"": 1, ""1,2"": 1, ""2,1"": 1}",0.0017108917236328125,True,10.363181489925218,"{""0,2"": 1, ""2,0"": 1, ""1,1"": 1}",1.811981201171875e-05,False,True,35.784666834888895,"[1.0959845436074735, 0.8538156728291211]",1024,1,COBYLA,100,42,6,0.005859375,0.0,8.412312604595185,8.412312604595185,8.412312604595185,8.412312604595186,31,28,31,0.17891192436218262,0.6561566547286155,0.08459817710858476,3.14.3,2.3.1,0.17.2,AerSimulator,2026-10-07T22:50:42.829803
easy_009,1009,easy,3,3,8,8,True,6.633791622221112,"{""0,1"": 1, ""1,0"": 1, ""2,2"": 1}",0.0017070770263671875,True,7.098292350164546,"{""2,2"": 1, ""0,0"": 1, ""1,1"": 1}",1.7881393432617188e-05,False,True,44.14135547422157,"[1.0333813610998297, 0.08564521174498026]",1024,1,COBYLA,100,42,11,0.0107421875,0.001953125,6.633791622221112,8.247021318417172,6.633791622221112,6.633791622221114,31,28,35,0.23970699310302734,0.0,0.0,3.14.3,2.3.1,0.17.2,AerSimulator,2026-10-07T22:50:43.071601
easy_010,1010,easy,3,3,8,8,True,7.9647403339156995,"{""0,0"": 1, ""1,1"": 1, ""2,2"": 1}",0.0026090145111083984,True,7.9647403339156995,"{""2,2"": 1, ""0,0"": 1, ""1,1"": 1}",2.193450927734375e-05,False,True,40.00266030732658,"[2.1511215898855145, 0.5656577753720953]",1024,1,COBYLA,100,42,5,0.0048828125,0.0,13.059899251610016,13.059899251610016,13.059899251610016,13.059899251610016,31,28,34,0.19839215278625488,5.095158917694317,0.6397143791364994,3.14.3,2.3.1,0.17.2,AerSimulator,2026-10-07T22:50:43.272878
easy_011,1011,easy,3,3,7,7,True,8.960196006296936,"{""0,1"": 1, ""1,2"": 1, ""2,0"": 1}",0.0008108615875244141,True,10.040512469255741,"{""1,2"": 1, ""0,0"": 1, ""2,1"": 1}",1.6927719116210938e-05,False,True,49.05064769115315,"[1.238714495186408, -0.06791297236913625]",1024,1,COBYLA,100,42,13,0.0126953125,0.00390625,8.960196006296936,9.708107403729956,8.960196006296936,8.960196006296933,25,22,28,0.14569711685180664,0.0,0.0,3.14.3,2.3.1,0.17.2,AerSimulator,2026-10-07T22:50:43.419559
easy_012,1012,easy,3,3,9,9,True,8.345471918846476,"{""0,2"": 1, ""1,0"": 1, ""2,1"": 1}",0.0036270618438720703,True,8.364956572347598,"{""0,0"": 1, ""2,1"": 1, ""1,2"": 1}",1.8835067749023438e-05,False,True,51.964516022258024,"[2.0629335039455388, 1.2688022430184245]",1024,1,COBYLA,100,42,22,0.021484375,0.0,8.907140719292194,10.448178016580188,8.907140719292194,8.907140719292194,37,36,35,0.31659483909606934,0.5616688004457178,0.06730222160083099,3.14.3,2.3.1,0.17.2,AerSimulator,2026-10-07T22:50:43.740026
easy_013,1013,easy,3,3,9,9,True,7.442559393488617,"{""0,1"": 1, ""1,2"": 1, ""2,0"": 1}",0.0036449432373046875,True,9.201658499264754,"{""1,0"": 1, ""0,1"": 1, ""2,2"": 1}",1.9073486328125e-05,False,True,57.68967705992462,"[0.7174746199432989, 1.2400003784978357]",1024,1,COBYLA,100,42,91,0.0888671875,0.001953125,7.442559393488617,11.134214052481914,7.442559393488617,7.442559393488615,37,36,32,0.30439305305480957,0.0,0.0,3.14.3,2.3.1,0.17.2,AerSimulator,2026-10-07T22:50:44.048307
easy_014,1014,easy,3,3,8,8,True,9.113106930493796,"{""0,0"": 1, ""1,2"": 1, ""2,1"": 1}",0.0018351078033447266,True,9.113106930493796,"{""1,2"": 1, ""0,0"": 1, ""2,1"": 1}",2.09808349609375e-05,False,True,52.95307953706965,"[2.086723756120441, 0.6895758561749147]",1024,1,COBYLA,100,42,31,0.0302734375,0.0,10.41853955762313,12.035548695794288,10.41853955762313,10.41853955762313,31,28,31,0.21292686462402344,1.3054326271293348,0.14324781186986463,3.14.3,2.3.1,0.17.2,AerSimulator,2026-10-07T22:50:44.263327
easy_015,1015,easy,3,3,9,9,True,6.405497117878703,"{""0,0"": 1, ""1,1"": 1, ""2,2"": 1}",0.003579854965209961,True,7.721702856510536,"{""1,0"": 1, ""0,1"": 1, ""2,2"": 1}",1.7881393432617188e-05,False,True,49.30482167775556,"[2.199655604378081, 0.3888191266214659]",1024,1,COBYLA,100,42,10,0.009765625,0.0,7.721702856510536,8.3742481326579,7.721702856510536,7.721702856510536,37,36,31,0.2737720012664795,1.316205738631833,0.20548065425837217,3.14.3,2.3.1,0.17.2,AerSimulator,2026-10-07T22:50:44.540920
easy_016,1016,easy,3,3,7,7,True,9.388997718400052,"{""0,0"": 1, ""1,1"": 1, ""2,2"": 1}",0.0008449554443359375,True,9.388997718400052,"{""0,0"": 1, ""2,2"": 1, ""1,1"": 1}",1.7881393432617188e-05,False,True,31.5156050902973,"[1.2108341062807502, 0.9889982561578156]",1024,1,COBYLA,100,42,29,0.0283203125,0.0009765625,9.388997718400052,10.52075440990136,9.388997718400052,9.388997718400052,31,22,37,0.1629800796508789,0.0,0.0,3.14.3,2.3.1,0.17.2,AerSimulator,2026-10-07T22:50:44.704957
easy_017,1017,easy,3,3,7,7,True,10.532897244979488,"{""0,1"": 1, ""1,0"": 1, ""2,2"": 1}",0.0008242130279541016,True,11.22912953145325,"{""2,0"": 1, ""0,1"": 1, ""1,2"": 1}",1.5735626220703125e-05,False,True,39.81197079516152,"[1.046680901207747, 1.0374803265203105]",1024,1,COBYLA,100,42,7,0.0068359375,0.0029296875,10.532897244979488,11.574080859655078,10.532897244979488,10.532897244979484,25,20,27,0.13097810745239258,0.0,0.0,3.14.3,2.3.1,0.17.2,AerSimulator,2026-10-07T22:50:44.836943
easy_018,1018,easy,3,3,9,9,True,9.427280056877066,"{""0,1"": 1, ""1,2"": 1, ""2,0"": 1}",0.003562450408935547,True,9.427280056877066,"{""2,0"": 1, ""0,1"": 1, ""1,2"": 1}",1.6689300537109375e-05,False,True,65.37411818300308,"[3.3400142180179415, 0.5367289690442745]",1024,1,COBYLA,100,42,19,0.0185546875,0.0,10.507939527514436,11.701619447680294,10.507939527514436,10.507939527514434,37,36,29,0.2719738483428955,1.0806594706373698,0.11463109869628241,3.14.3,2.3.1,0.17.2,AerSimulator,2026-10-07T22:50:45.112667
easy_019,1019,easy,3,3,9,9,True,7.087152000888631,"{""0,0"": 1, ""1,1"": 1, ""2,2"": 1}",0.0036840438842773438,True,8.067341518257486,"{""0,0"": 1, ""2,1"": 1, ""1,2"": 1}",2.3126602172851562e-05,False,True,52.61796033790464,"[1.9950561066912764, -0.17078077982641543]",1024,1,COBYLA,100,42,23,0.0224609375,0.0029296875,7.087152000888631,8.736128311326599,7.087152000888631,7.087152000888629,37,36,35,0.3522529602050781,0.0,0.0,3.14.3,2.3.1,0.17.2,AerSimulator,2026-10-07T22:50:45.468853
easy_020,1020,easy,3,3,9,9,True,6.799723837659447,"{""0,2"": 1, ""1,1"": 1, ""2,0"": 1}",0.0035920143127441406,True,6.799723837659447,"{""2,0"": 1, ""1,1"": 1, ""0,2"": 1}",2.002716064453125e-05,False,True,53.973894611196904,"[1.0366819813581474, 0.09452431502222093]",1024,1,COBYLA,100,42,8,0.0078125,0.0,8.940372601964876,9.421553061888158,8.940372601964876,8.940372601964878,37,36,28,0.3089320659637451,2.1406487643054293,0.3148140741319089,3.14.3,2.3.1,0.17.2,AerSimulator,2026-10-07T22:50:45.781618
easy_021,1021,easy,3,3,8,8,True,8.148668843889157,"{""0,0"": 1, ""1,1"": 1, ""2,2"": 1}",0.0017232894897460938,True,8.148668843889157,"{""1,1"": 1, ""0,0"": 1, ""2,2"": 1}",1.8835067749023438e-05,False,True,47.61954820824257,"[1.9880790273204842, -0.2511715981335438]",1024,1,COBYLA,100,42,28,0.02734375,0.01953125,8.148668843889157,9.006467262822866,8.148668843889157,8.148668843889158,31,28,30,0.21801519393920898,0.0,0.0,3.14.3,2.3.1,0.17.2,AerSimulator,2026-10-07T22:50:46.001595
easy_022,1022,easy,3,3,8,8,True,6.4110012112725085,"{""0,0"": 1, ""1,1"": 1, ""2,2"": 1}",0.0017070770263671875,True,6.411001211272508,"{""2,2"": 1, ""0,0"": 1, ""1,1"": 1}",1.7881393432617188e-05,False,True,22.241811233669683,"[0.7928049174299554, -0.575714309363978]",1024,1,COBYLA,100,42,70,0.068359375,0.0009765625,6.4110012112725085,12.663277640014407,6.4110012112725085,6.411001211272509,31,28,35,0.21828484535217285,0.0,0.0,3.14.3,2.3.1,0.17.2,AerSimulator,2026-10-07T22:50:46.221816
easy_023,1023,easy,3,3,8,8,True,7.467125569114109,"{""0,0"": 1, ""1,2"": 1, ""2,1"": 1}",0.0017058849334716797,True,7.467125569114109,"{""2,1"": 1, ""0,0"": 1, ""1,2"": 1}",1.7881393432617188e-05,False,True,46.72223367537502,"[2.912929476031009, 0.015217442682357418]",1024,1,COBYLA,100,42,18,0.017578125,0.005859375,7.467125569114109,9.830042002693741,7.467125569114109,7.46712556911411,31,28,33,0.25711894035339355,0.0,0.0,3.14.3,2.3.1,0.17.2,AerSimulator,2026-10-07T22:50:46.480882
easy_024,1024,easy,3,3,8,8,True,8.376561719846706,"{""0,0"": 1, ""1,2"": 1, ""2,1"": 1}",0.0018377304077148438,True,10.215929950653418,"{""0,0"": 1, ""1,1"": 1, ""2,2"": 1}",2.3126602172851562e-05,False,True,39.00070041324918,"[2.2544900298014827, 0.5602904096555734]",1024,1,COBYLA,100,42,27,0.0263671875,0.0,10.215929950653418,10.501519726008928,10.215929950653418,10.215929950653418,31,28,33,0.2196669578552246,1.8393682308067127,0.21958511049332707,3.14.3,2.3.1,0.17.2,AerSimulator,2026-10-07T22:50:46.702609
easy_025,1025,easy,3,3,7,7,True,5.413760758249946,"{""0,2"": 1, ""1,0"": 1, ""2,1"": 1}",0.000823974609375,True,5.413760758249946,"{""1,0"": 1, ""2,1"": 1, ""0,2"": 1}",1.621246337890625e-05,False,True,19.833477725151983,"[1.0218332735893116, 0.9633065934984202]",1024,1,COBYLA,100,42,124,0.12109375,0.1201171875,5.413760758249946,5.448515008603214,5.413760758249946,5.413760758249946,25,20,42,0.19490623474121094,0.0,0.0,3.14.3,2.3.1,0.17.2,AerSimulator,2026-10-07T22:50:46.898553
easy_026,1026,easy,3,3,7,7,True,5.497717686534678,"{""0,2"": 1, ""1,0"": 1, ""2,1"": 1}",0.0008220672607421875,True,5.497717686534677,"{""2,1"": 1, ""0,2"": 1, ""1,0"": 1}",1.71661376953125e-05,False,True,22.188366833605368,"[1.0719810653414306, 0.24723797406883954]",1024,1,COBYLA,100,42,89,0.0869140625,0.0703125,5.497717686534678,6.270768504611246,5.497717686534678,5.497717686534678,28,22,42,0.2615342140197754,0.0,0.0,3.14.3,2.3.1,0.17.2,AerSimulator,2026-10-07T22:50:47.161161
easy_027,1027,easy,3,3,6,6,True,6.339874149299029,"{""0,1"": 1, ""1,0"": 1, ""2,2"": 1}",0.00040602684020996094,True,6.339874149299029,"{""0,1"": 1, ""1,0"": 1, ""2,2"": 1}",1.7881393432617188e-05,False,True,27.501507047476203,"[1.0455909484363617, 0.2001715847852187]",1024,1,COBYLA,100,42,11,0.0107421875,0.0107421875,6.339874149299029,6.339874149299029,6.339874149299029,6.33987414929903,22,16,36,0.16784882545471191,0.0,0.0,3.14.3,2.3.1,0.17.2,AerSimulator,2026-10-07T22:50:47.329641
easy_028,1028,easy,3,3,8,8,True,8.855694360688576,"{""0,2"": 1, ""1,0"": 1, ""2,1"": 1}",0.001744985580444336,True,8.855694360688574,"{""2,1"": 1, ""1,0"": 1, ""0,2"": 1}",1.8835067749023438e-05,False,True,31.083452142701365,"[1.2368558891934855, 0.9394240853710737]",1024,1,COBYLA,100,42,24,0.0234375,0.021484375,8.855694360688576,9.010070085691211,8.855694360688576,8.855694360688574,31,28,29,0.18372511863708496,0.0,0.0,3.14.3,2.3.1,0.17.2,AerSimulator,2026-10-07T22:50:47.515378
easy_029,1029,easy,3,3,9,9,True,5.874905035408565,"{""0,2"": 1, ""1,0"": 1, ""2,1"": 1}",0.008687019348144531,True,5.874905035408565,"{""1,0"": 1, ""2,1"": 1, ""0,2"": 1}",2.8133392333984375e-05,False,True,26.06384499606437,"[0.9628839972874342, 0.8202519185732065]",1024,1,COBYLA,100,42,103,0.1005859375,0.0927734375,5.874905035408565,6.13739503594479,5.874905035408565,5.874905035408565,37,36,30,0.30811214447021484,0.0,0.0,3.14.3,2.3.1,0.17.2,AerSimulator,2026-10-07T22:50:47.832439
easy_030,1030,easy,3,3,9,9,True,6.2566708766089265,"{""0,1"": 1, ""1,0"": 1, ""2,2"": 1}",0.003730297088623047,True,7.529523322917014,"{""0,0"": 1, ""2,1"": 1, ""1,2"": 1}",2.193450927734375e-05,False,True,31.006075458293054,"[0.7223121011247219, -0.43011268726701485]",1024,1,COBYLA,100,42,16,0.015625,0.001953125,6.2566708766089265,9.027740776539861,6.2566708766089265,6.256670876608926,37,36,34,0.2925279140472412,0.0,0.0,3.14.3,2.3.1,0.17.2,AerSimulator,2026-10-07T22:50:48.128954
easy_031,1031,easy,3,3,8,8,True,7.393496038405465,"{""0,2"": 1, ""1,1"": 1, ""2,0"": 1}",0.001795053482055664,True,7.393496038405466,"{""2,0"": 1, ""1,1"": 1, ""0,2"": 1}",2.6941299438476562e-05,False,True,37.708475474961475,"[2.2807921751525693, 0.3640181243997589]",1024,1,COBYLA,100,42,41,0.0400390625,0.0009765625,7.393496038405465,10.213091507891095,7.393496038405465,7.393496038405466,31,28,35,0.23146390914916992,0.0,0.0,3.14.3,2.3.1,0.17.2,AerSimulator,2026-10-07T22:50:48.362448
easy_032,1032,easy,3,3,7,7,True,6.498031182340643,"{""0,1"": 1, ""1,2"": 1, ""2,0"": 1}",0.0008127689361572266,True,6.498031182340643,"{""2,0"": 1, ""1,2"": 1, ""0,1"": 1}",1.5974044799804688e-05,False,True,24.18264023433571,"[0.9245788916918908, 0.8035009197438522]",1024,1,COBYLA,100,42,76,0.07421875,0.0732421875,6.498031182340643,6.549466449854561,6.498031182340643,6.498031182340643,28,22,32,0.14963102340698242,0.0,0.0,3.14.3,2.3.1,0.17.2,AerSimulator,2026-10-07T22:50:48.513088
easy_033,1033,easy,3,3,9,9,True,10.786345474259331,"{""0,2"": 1, ""1,0"": 1, ""2,1"": 1}",0.003576040267944336,True,10.786345474259331,"{""1,0"": 1, ""2,1"": 1, ""0,2"": 1}",1.6927719116210938e-05,False,True,36.29826133323841,"[1.0847960818587408, 1.0957293456155903]",1024,1,COBYLA,100,42,16,0.015625,0.0078125,10.786345474259331,11.236533102840749,10.786345474259331,10.786345474259328,37,36,32,0.25185418128967285,0.0,0.0,3.14.3,2.3.1,0.17.2,AerSimulator,2026-10-07T22:50:48.768755
easy_034,1034,easy,3,3,8,8,True,5.4200397384830366,"{""0,1"": 1, ""1,2"": 1, ""2,0"": 1}",0.0017311573028564453,True,5.4200397384830366,"{""2,0"": 1, ""0,1"": 1, ""1,2"": 1}",1.9788742065429688e-05,False,True,29.070676170403782,"[1.062671854840531, 0.5870133726665531]",1024,1,COBYLA,100,42,54,0.052734375,0.03125,5.4200397384830366,7.255855424973458,5.4200397384830366,5.420039738483036,31,28,29,0.19007325172424316,0.0,0.0,3.14.3,2.3.1,0.17.2,AerSimulator,2026-10-07T22:50:48.960760
easy_035,1035,easy,3,3,9,9,True,6.582125759684422,"{""0,0"": 1, ""1,2"": 1, ""2,1"": 1}",0.003566741943359375,True,6.582125759684422,"{""0,0"": 1, ""2,1"": 1, ""1,2"": 1}",1.621246337890625e-05,False,True,47.62648123037562,"[1.7051216433195624, -1.1945394085789305]",1024,1,COBYLA,100,42,6,0.005859375,0.0048828125,6.582125759684422,7.1185212875165504,6.582125759684422,6.582125759684416,37,36,33,0.2928168773651123,0.0,0.0,3.14.3,2.3.1,0.17.2,AerSimulator,2026-10-07T22:50:49.257337
easy_036,1036,easy,3,3,8,8,True,7.359937096141913,"{""0,2"": 1, ""1,1"": 1, ""2,0"": 1}",0.0017762184143066406,True,8.590293400663295,"{""1,2"": 1, ""2,0"": 1, ""0,1"": 1}",2.193450927734375e-05,False,True,35.0920162506443,"[2.0301284097921917, 1.0874084360460845]",1024,1,COBYLA,100,42,37,0.0361328125,0.0224609375,7.359937096141913,8.18259089033326,7.359937096141913,7.359937096141913,31,28,30,0.19079184532165527,0.0,0.0,3.14.3,2.3.1,0.17.2,AerSimulator,2026-10-07T22:50:49.450156
easy_037,1037,easy,3,3,8,8,True,8.130084230730436,"{""0,1"": 1, ""1,0"": 1, ""2,2"": 1}",0.0018219947814941406,True,8.662991035812142,"{""2,2"": 1, ""0,0"": 1, ""1,1"": 1}",2.09808349609375e-05,False,True,35.38441950114795,"[1.96940154670407, 1.050626859025713]",1024,1,COBYLA,100,42,30,0.029296875,0.0,8.662991035812142,12.298692805343558,8.662991035812142,8.662991035812144,31,28,30,0.17267298698425293,0.5329068050817067,0.0655475134030473,3.14.3,2.3.1,0.17.2,AerSimulator,2026-10-07T22:50:49.624883
easy_038,1038,easy,3,3,7,7,True,8.951856442744031,"{""0,1"": 1, ""1,0"": 1, ""2,2"": 1}",0.0008330345153808594,True,10.614938033718094,"{""0,0"": 1, ""1,1"": 1, ""2,2"": 1}",1.5974044799804688e-05,False,True,32.007844210620654,"[1.5981662206292573, -1.983558985508654]",1024,1,COBYLA,100,42,80,0.078125,0.068359375,8.951856442744031,9.159741641615788,8.951856442744031,8.951856442744038,28,22,40,0.1796131134033203,0.0,0.0,3.14.3,2.3.1,0.17.2,AerSimulator,2026-10-07T22:50:49.805514
easy_039,1039,easy,3,3,8,8,True,11.443584942645332,"{""0,2"": 1, ""1,1"": 1, ""2,0"": 1}",0.0017101764678955078,True,11.742155344819656,"{""2,0"": 1, ""0,1"": 1, ""1,2"": 1}",1.6689300537109375e-05,False,True,35.68901751823124,"[1.0232673156741552, 1.104496910306393]",1024,1,COBYLA,100,42,15,0.0146484375,0.001953125,11.443584942645332,12.908659907284006,11.443584942645332,11.44358494264533,31,28,28,0.19800305366516113,0.0,0.0,3.14.3,2.3.1,0.17.2,AerSimulator,2026-10-07T22:50:50.005432
constraint_heavy_000,2000,constraint_heavy,3,3,4,4,True,17.720978811820608,"{""0,2"": 1, ""1,1"": 1, ""2,0"": 1}",9.918212890625e-05,True,17.720978811820608,"{""1,1"": 1, ""0,2"": 1, ""2,0"": 1}",1.6927719116210938e-05,False,True,29.060825472586057,"[0.9787358792908089, 1.071145358590327]",1024,1,COBYLA,100,42,262,0.255859375,0.255859375,17.720978811820608,17.720978811820608,17.720978811820608,17.720978811820608,10,4,33,0.13719701766967773,0.0,0.0,3.14.3,2.3.1,0.17.2,AerSimulator,2026-10-07T22:50:50.142990
constraint_heavy_001,2001,constraint_heavy,3,3,6,6,True,15.473801353973663,"{""0,1"": 1, ""1,0"": 1, ""2,2"": 1}",0.0004680156707763672,True,16.896232034441724,"{""0,0"": 1, ""2,1"": 1, ""1,2"": 1}",1.9788742065429688e-05,False,True,48.579363899950934,"[0.9551692478871326, 1.0460561566719568]",1024,1,COBYLA,100,42,68,0.06640625,0.0029296875,15.473801353973663,16.83347773971519,15.473801353973663,15.473801353973663,19,12,33,0.17083024978637695,0.0,0.0,3.14.3,2.3.1,0.17.2,AerSimulator,2026-10-07T22:50:50.314497
constraint_heavy_002,2002,constraint_heavy,3,3,6,6,True,21.075662812044193,"{""0,1"": 1, ""1,0"": 1, ""2,2"": 1}",0.0004029273986816406,True,21.075662812044193,"{""1,0"": 1, ""0,1"": 1, ""2,2"": 1}",1.5974044799804688e-05,False,True,66.95105188546074,"[1.0480501276737606, 1.1097943650812043]",1024,1,COBYLA,100,42,30,0.029296875,0.025390625,21.075662812044193,21.638839188041562,21.075662812044193,21.0756628120442,22,14,29,0.14252495765686035,0.0,0.0,3.14.3,2.3.1,0.17.2,AerSimulator,2026-10-07T22:50:50.457622
constraint_heavy_003,2003,constraint_heavy,3,3,5,5,True,14.041871590605794,"{""0,1"": 1, ""1,2"": 1, ""2,0"": 1}",0.0002040863037109375,True,14.041871590605794,"{""0,1"": 1, ""2,0"": 1, ""1,2"": 1}",1.6927719116210938e-05,False,True,35.83358576915033,"[2.0199574816638384, 0.25781039181544285]",1024,1,COBYLA,100,42,50,0.048828125,0.048828125,14.041871590605794,14.041871590605792,14.041871590605794,14.041871590605794,16,10,39,0.14556097984313965,0.0,0.0,3.14.3,2.3.1,0.17.2,AerSimulator,2026-10-07T22:50:50.603588
constraint_heavy_004,2004,constraint_heavy,3,3,6,6,True,11.3155969229304,"{""0,1"": 1, ""1,2"": 1, ""2,0"": 1}",0.0003960132598876953,True,11.315596922930402,"{""0,1"": 1, ""2,0"": 1, ""1,2"": 1}",1.621246337890625e-05,False,True,30.82809410773957,"[1.5058417979749725, -0.8216925570352255]",1024,1,COBYLA,100,42,278,0.271484375,0.0009765625,11.3155969229304,13.247857726438083,11.3155969229304,11.3155969229304,19,14,31,0.13184809684753418,0.0,0.0,3.14.3,2.3.1,0.17.2,AerSimulator,2026-10-07T22:50:50.736066
constraint_heavy_005,2005,constraint_heavy,3,3,6,6,True,9.641561237414168,"{""0,0"": 1, ""1,1"": 1, ""2,2"": 1}",0.0004029273986816406,False,,,1.621246337890625e-05,True,True,25.1070048134186,"[1.8116349689123927, -0.6990423372027922]",1024,1,COBYLA,100,42,377,0.3681640625,0.0,17.244255817346243,17.244255817346243,17.244255817346243,12.823399454902809,19,12,32,0.13860201835632324,7.602694579932075,0.7885335572448318,3.14.3,2.3.1,0.17.2,AerSimulator,2026-10-07T22:50:50.875285
constraint_heavy_006,2006,constraint_heavy,3,3,6,6,True,19.77550224470829,"{""0,1"": 1, ""1,0"": 1, ""2,2"": 1}",0.00046896934509277344,True,19.77550224470829,"{""2,2"": 1, ""1,0"": 1, ""0,1"": 1}",1.9073486328125e-05,False,True,54.34507997135675,"[1.8078668191494471, -0.671118104212858]",1024,1,COBYLA,100,42,29,0.0283203125,0.013671875,19.77550224470829,20.93867892066828,19.77550224470829,19.775502244708285,19,14,36,0.1342921257019043,0.0,0.0,3.14.3,2.3.1,0.17.2,AerSimulator,2026-10-07T22:50:51.010236
constraint_heavy_007,2007,constraint_heavy,3,3,6,6,True,18.524777308873283,"{""0,0"": 1, ""1,1"": 1, ""2,2"": 1}",0.0003998279571533203,True,19.343118376447556,"{""2,2"": 1, ""1,0"": 1, ""0,1"": 1}",1.71661376953125e-05,False,True,64.02598860095384,"[1.0683859271979126, 1.0514047007287917]",1024,1,COBYLA,100,42,125,0.1220703125,0.078125,18.524777308873283,18.819380093200024,18.524777308873283,18.52477730887329,19,14,31,0.11707592010498047,0.0,0.0,3.14.3,2.3.1,0.17.2,AerSimulator,2026-10-07T22:50:51.127910
constraint_heavy_008,2008,constraint_heavy,3,3,4,4,True,21.656797334422066,"{""0,1"": 1, ""1,2"": 1, ""2,0"": 1}",9.703636169433594e-05,True,21.656797334422066,"{""2,0"": 1, ""1,2"": 1, ""0,1"": 1}",1.5974044799804688e-05,False,True,35.85619462520954,"[1.1172637584411071, 0.9542545194607823]",1024,1,COBYLA,100,42,538,0.525390625,0.525390625,21.656797334422066,21.65679733442207,21.656797334422066,21.656797334422066,10,4,32,0.10678982734680176,0.0,0.0,3.14.3,2.3.1,0.17.2,AerSimulator,2026-10-07T22:50:51.235007
constraint_heavy_009,2009,constraint_heavy,3,3,6,6,True,16.16263074064642,"{""0,1"": 1, ""1,2"": 1, ""2,0"": 1}",0.0003960132598876953,True,18.771702959462075,"{""1,0"": 1, ""0,1"": 1, ""2,2"": 1}",1.621246337890625e-05,False,True,56.25787040438165,"[1.1323498182976988, 0.8692451588115979]",1024,1,COBYLA,100,42,15,0.0146484375,0.005859375,16.16263074064642,17.728074071935808,16.16263074064642,16.16263074064642,22,14,33,0.12656283378601074,0.0,0.0,3.14.3,2.3.1,0.17.2,AerSimulator,2026-10-07T22:50:51.362164
constraint_heavy_010,2010,constraint_heavy,3,3,6,6,True,15.862947524599281,"{""0,2"": 1, ""1,0"": 1, ""2,1"": 1}",0.00040078163146972656,True,15.862947524599281,"{""1,0"": 1, ""2,1"": 1, ""0,2"": 1}",1.6927719116210938e-05,False,True,51.05340138157766,"[2.930799249447145, -0.7635005393430969]",1024,1,COBYLA,100,42,79,0.0771484375,0.01171875,15.862947524599281,19.683734430937857,15.862947524599281,15.862947524599285,19,14,34,0.14337515830993652,0.0,0.0,3.14.3,2.3.1,0.17.2,AerSimulator,2026-10-07T22:50:51.506185
constraint_heavy_011,2011,constraint_heavy,3,3,5,5,True,21.3039543893486,"{""0,0"": 1, ""1,2"": 1, ""2,1"": 1}",0.0001971721649169922,False,,,1.1920928955078125e-05,True,True,47.13708436039274,"[1.0921763578100534, 1.173758502792222]",1024,1,COBYLA,100,42,24,0.0234375,0.0234375,21.3039543893486,21.3039543893486,21.3039543893486,21.303954389348597,16,8,31,0.11770319938659668,0.0,0.0,3.14.3,2.3.1,0.17.2,AerSimulator,2026-10-07T22:50:51.624270
constraint_heavy_012,2012,constraint_heavy,3,3,5,5,True,16.16359792676764,"{""0,0"": 1, ""1,2"": 1, ""2,1"": 1}",0.00019311904907226562,True,16.16359792676764,"{""0,0"": 1, ""2,1"": 1, ""1,2"": 1}",1.5735626220703125e-05,False,False,33.19235185434774,"[1.0915732919602934, 0.9277188178028584]",1024,1,COBYLA,100,42,0,0.0,0.0,,,,26.957514612479223,16,10,30,0.10106801986694336,,,3.14.3,2.3.1,0.17.2,AerSimulator,2026-10-07T22:50:51.725694
constraint_heavy_013,2013,constraint_heavy,3,3,5,5,True,18.9969706319862,"{""0,0"": 1, ""1,2"": 1, ""2,1"": 1}",0.00019502639770507812,True,18.996970631986205,"{""2,1"": 1, ""0,0"": 1, ""1,2"": 1}",1.5974044799804688e-05,False,True,37.74036180534007,"[1.2420487565071534, 0.6161982772755744]",1024,1,COBYLA,100,42,6,0.005859375,0.005859375,18.9969706319862,18.9969706319862,18.9969706319862,18.99697063198621,16,10,32,0.10805606842041016,0.0,0.0,3.14.3,2.3.1,0.17.2,AerSimulator,2026-10-07T22:50:51.834108
constraint_heavy_014,2014,constraint_heavy,3,3,6,6,True,27.08511393002435,"{""0,0"": 1, ""1,2"": 1, ""2,1"": 1}",0.0003979206085205078,True,27.085113930024352,"{""2,1"": 1, ""0,0"": 1, ""1,2"": 1}",1.5974044799804688e-05,False,True,94.06435615447174,"[1.6788866530962596, -0.6211955788381937]",1024,1,COBYLA,100,42,2,0.001953125,0.001953125,27.08511393002435,27.08511393002435,27.08511393002435,27.08511393002435,22,16,34,0.13101863861083984,0.0,0.0,3.14.3,2.3.1,0.17.2,AerSimulator,2026-10-07T22:50:51.965703
constraint_heavy_015,2015,constraint_heavy,3,3,6,6,True,26.432385034272414,"{""0,2"": 1, ""1,0"": 1, ""2,1"": 1}",0.00040602684020996094,True,26.432385034272418,"{""0,2"": 1, ""2,1"": 1, ""1,0"": 1}",1.5974044799804688e-05,False,False,75.23216000072617,"[1.5942465276615054, 2.0573656684207235]",1024,1,COBYLA,100,42,0,0.0,0.0,,,,37.20689139546239,22,16,35,0.12954497337341309,,,3.14.3,2.3.1,0.17.2,AerSimulator,2026-10-07T22:50:52.095810
constraint_heavy_016,2016,constraint_heavy,3,3,4,4,True,22.83097339561762,"{""0,1"": 1, ""1,2"": 1, ""2,0"": 1}",9.393692016601562e-05,True,22.83097339561762,"{""0,1"": 1, ""1,2"": 1, ""2,0"": 1}",1.5974044799804688e-05,False,True,43.95080859531522,"[1.960053771140404, -0.2895398500801486]",1024,1,COBYLA,100,42,106,0.103515625,0.103515625,22.83097339561762,22.83097339561761,22.83097339561762,22.83097339561761,10,4,37,0.1126101016998291,0.0,0.0,3.14.3,2.3.1,0.17.2,AerSimulator,2026-10-07T22:50:52.208715
constraint_heavy_017,2017,constraint_heavy,3,3,6,6,True,14.898326092066704,"{""0,2"": 1, ""1,1"": 1, ""2,0"": 1}",0.0004181861877441406,False,,,1.0967254638671875e-05,True,True,35.51731074088767,"[1.9274301243652436, -0.4961536954562671]",1024,1,COBYLA,100,42,160,0.15625,0.06640625,14.898326092066704,17.133315775323958,14.898326092066704,14.898326092066704,19,14,31,0.12397098541259766,0.0,0.0,3.14.3,2.3.1,0.17.2,AerSimulator,2026-10-07T22:50:52.333294
constraint_heavy_018,2018,constraint_heavy,3,3,6,6,True,10.926378841037774,"{""0,0"": 1, ""1,1"": 1, ""2,2"": 1}",0.0004029273986816406,True,10.926378841037774,"{""0,0"": 1, ""1,1"": 1, ""2,2"": 1}",1.5735626220703125e-05,False,True,37.16356884708502,"[1.092160222102492, 1.0749181088807132]",1024,1,COBYLA,100,42,30,0.029296875,0.0283203125,10.926378841037774,11.089866137257625,10.926378841037774,10.926378841037774,19,14,27,0.11282920837402344,0.0,0.0,3.14.3,2.3.1,0.17.2,AerSimulator,2026-10-07T22:50:52.446702
constraint_heavy_019,2019,constraint_heavy,3,3,7,7,True,11.972319400457824,"{""0,2"": 1, ""1,1"": 1, ""2,0"": 1}",0.0008258819580078125,True,11.972319400457824,"{""2,0"": 1, ""0,2"": 1, ""1,1"": 1}",1.71661376953125e-05,False,True,42.58103520161157,"[0.9499410845759498, 0.8327052417890075]",1024,1,COBYLA,100,42,4,0.00390625,0.0,20.647402743101186,21.57053254667661,20.647402743101186,19.83612030312718,25,20,34,0.14847683906555176,8.675083342643362,0.7245950473315659,3.14.3,2.3.1,0.17.2,AerSimulator,2026-10-07T22:50:52.596196
constraint_heavy_020,2020,constraint_heavy,3,3,8,8,True,16.717747086890324,"{""0,0"": 1, ""1,1"": 1, ""2,2"": 1}",0.0017690658569335938,True,16.717747086890324,"{""0,0"": 1, ""1,1"": 1, ""2,2"": 1}",2.288818359375e-05,False,True,88.33580716518617,"[0.6561332584627354, -0.25816772044636205]",1024,1,COBYLA,100,42,17,0.0166015625,0.001953125,16.717747086890324,20.48586521100006,16.717747086890324,16.717747086890313,31,28,26,0.1761789321899414,0.0,0.0,3.14.3,2.3.1,0.17.2,AerSimulator,2026-10-07T22:50:52.774439
constraint_heavy_021,2021,constraint_heavy,3,3,7,7,True,14.497278203224889,"{""0,0"": 1, ""1,2"": 1, ""2,1"": 1}",0.0008440017700195312,True,15.566865673631337,"{""1,0"": 1, ""2,1"": 1, ""0,2"": 1}",1.8835067749023438e-05,False,True,55.545825300770694,"[1.163182460426421, 0.7698293445488099]",1024,1,COBYLA,100,42,30,0.029296875,0.021484375,14.497278203224889,14.782501528666613,14.497278203224889,14.497278203224887,25,20,31,0.1404118537902832,0.0,0.0,3.14.3,2.3.1,0.17.2,AerSimulator,2026-10-07T22:50:52.915900
constraint_heavy_022,2022,constraint_heavy,3,3,7,7,True,8.11262648158381,"{""0,1"": 1, ""1,0"": 1, ""2,2"": 1}",0.0008220672607421875,True,9.43933161889026,"{""2,1"": 1, ""0,2"": 1, ""1,0"": 1}",1.5735626220703125e-05,False,True,43.24089667841902,"[0.8105365578725859, -0.4710098298874628]",1024,1,COBYLA,100,42,44,0.04296875,0.015625,8.11262648158381,8.95689338714246,8.11262648158381,8.11262648158381,28,22,26,0.13567781448364258,0.0,0.0,3.14.3,2.3.1,0.17.2,AerSimulator,2026-10-07T22:50:53.052603
constraint_heavy_023,2023,constraint_heavy,3,3,5,5,True,13.269348048885892,"{""0,2"": 1, ""1,0"": 1, ""2,1"": 1}",0.00020194053649902344,True,13.269348048885892,"{""0,2"": 1, ""1,0"": 1, ""2,1"": 1}",1.7881393432617188e-05,False,True,39.19253220908943,"[2.0128009499260178, 0.20657265828315194]",1024,1,COBYLA,100,42,102,0.099609375,0.06640625,13.269348048885892,14.56331946543405,13.269348048885892,13.269348048885895,13,8,41,0.11653399467468262,0.0,0.0,3.14.3,2.3.1,0.17.2,AerSimulator,2026-10-07T22:50:53.169556
constraint_heavy_024,2024,constraint_heavy,3,3,6,6,True,14.607677472180416,"{""0,2"": 1, ""1,0"": 1, ""2,1"": 1}",0.0004038810729980469,False,,,1.0967254638671875e-05,True,True,40.42441475184253,"[1.2251525179647715, 0.7977972990360956]",1024,1,COBYLA,100,42,17,0.0166015625,0.0,21.281522956824897,21.281522956824897,21.281522956824897,21.2815229568249,19,12,32,0.12484931945800781,6.673845484644481,0.4568724561008745,3.14.3,2.3.1,0.17.2,AerSimulator,2026-10-07T22:50:53.295001
constraint_heavy_025,2025,constraint_heavy,3,3,6,6,True,9.990220615058774,"{""0,1"": 1, ""1,2"": 1, ""2,0"": 1}",0.0003979206085205078,True,9.990220615058774,"{""2,0"": 1, ""0,1"": 1, ""1,2"": 1}",1.5974044799804688e-05,False,True,42.27257816795412,"[0.982194363960294, 0.9349541707947957]",1024,1,COBYLA,100,42,68,0.06640625,0.04296875,9.990220615058774,14.258514831061175,9.990220615058774,9.990220615058774,19,14,33,0.12044167518615723,0.0,0.0,3.14.3,2.3.1,0.17.2,AerSimulator,2026-10-07T22:50:53.416029
constraint_heavy_026,2026,constraint_heavy,3,3,6,6,True,18.54596614917279,"{""0,2"": 1, ""1,1"": 1, ""2,0"": 1}",0.00039887428283691406,False,,,1.0967254638671875e-05,True,True,55.716183475640364,"[0.6137961993663738, 1.2778648855431973]",1024,1,COBYLA,100,42,39,0.0380859375,0.0302734375,18.54596614917279,19.668881243539477,18.54596614917279,18.54596614917279,19,14,35,0.12567400932312012,0.0,0.0,3.14.3,2.3.1,0.17.2,AerSimulator,2026-10-07T22:50:53.542287
constraint_heavy_027,2027,constraint_heavy,3,3,5,5,True,13.815182027402384,"{""0,2"": 1, ""1,0"": 1, ""2,1"": 1}",0.0002090930938720703,True,13.815182027402383,"{""2,1"": 1, ""1,0"": 1, ""0,2"": 1}",1.811981201171875e-05,False,True,37.81980469577993,"[1.0808920975784833, 0.8461744223171157]",1024,1,COBYLA,100,42,2,0.001953125,0.001953125,13.815182027402384,13.815182027402384,13.815182027402384,13.815182027402383,16,8,27,0.09979128837585449,0.0,0.0,3.14.3,2.3.1,0.17.2,AerSimulator,2026-10-07T22:50:53.642472
constraint_heavy_028,2028,constraint_heavy,3,3,5,5,True,17.5742558565232,"{""0,0"": 1, ""1,1"": 1, ""2,2"": 1}",0.0001926422119140625,True,17.5742558565232,"{""1,1"": 1, ""0,0"": 1, ""2,2"": 1}",1.52587890625e-05,False,False,48.11402903294957,"[1.0073941626909781, 0.9908593532875316]",1024,1,COBYLA,100,42,0,0.0,0.0,,,,27.56830124439287,19,10,30,0.10649609565734863,,,3.14.3,2.3.1,0.17.2,AerSimulator,2026-10-07T22:50:53.749315
constraint_heavy_029,2029,constraint_heavy,3,3,5,5,True,14.989919419262318,"{""0,1"": 1, ""1,0"": 1, ""2,2"": 1}",0.00019502639770507812,True,14.989919419262318,"{""1,0"": 1, ""0,1"": 1, ""2,2"": 1}",1.6927719116210938e-05,False,True,35.02837839247255,"[1.8742343252259468, -0.4808542734527782]",1024,1,COBYLA,100,42,156,0.15234375,0.0908203125,14.989919419262318,15.260816517835774,14.989919419262318,14.989919419262314,13,8,35,0.10333585739135742,0.0,0.0,3.14.3,2.3.1,0.17.2,AerSimulator,2026-10-07T22:50:53.853007
cost_conflict_000,3000,cost_conflict,3,3,9,9,True,9.422698366595643,"{""0,1"": 1, ""1,2"": 1, ""2,0"": 1}",0.003607034683227539,True,11.158624604367521,"{""0,0"": 1, ""1,1"": 1, ""2,2"": 1}",1.9073486328125e-05,False,True,80.41210473402776,"[1.2878834755753858, -0.8573489695253853]",1024,1,COBYLA,100,42,11,0.0107421875,0.00390625,9.422698366595643,14.05014977698353,9.422698366595643,9.422698366595647,37,36,31,0.2847630977630615,0.0,0.0,3.14.3,2.3.1,0.17.2,AerSimulator,2026-10-07T22:50:54.141623
cost_conflict_001,3001,cost_conflict,3,3,7,7,True,8.179537239058247,"{""0,0"": 1, ""1,1"": 1, ""2,2"": 1}",0.0008318424224853516,True,8.93242966185027,"{""0,0"": 1, ""1,2"": 1, ""2,1"": 1}",1.811981201171875e-05,False,True,39.43333775973814,"[2.1128370151753555, 0.4869200833020901]",1024,1,COBYLA,100,42,35,0.0341796875,0.009765625,8.179537239058247,9.561497187531018,8.179537239058247,8.179537239058241,25,20,28,0.14494705200195312,0.0,0.0,3.14.3,2.3.1,0.17.2,AerSimulator,2026-10-07T22:50:54.287620
cost_conflict_002,3002,cost_conflict,3,3,8,8,True,9.175175288897155,"{""0,0"": 1, ""1,1"": 1, ""2,2"": 1}",0.001737833023071289,True,10.904131468072702,"{""1,2"": 1, ""0,0"": 1, ""2,1"": 1}",2.002716064453125e-05,False,True,31.641195930724802,"[1.0305973336547383, -0.8971206526215167]",1024,1,COBYLA,100,42,18,0.017578125,0.00390625,9.175175288897155,12.92324460864108,9.175175288897155,9.175175288897151,31,28,34,0.1952650547027588,0.0,0.0,3.14.3,2.3.1,0.17.2,AerSimulator,2026-10-07T22:50:54.484866
cost_conflict_003,3003,cost_conflict,3,3,8,8,True,9.63676301860087,"{""0,0"": 1, ""1,1"": 1, ""2,2"": 1}",0.0017180442810058594,True,10.536667625081707,"{""1,2"": 1, ""0,0"": 1, ""2,1"": 1}",1.6927719116210938e-05,False,True,49.187083930368466,"[1.008330448229855, 0.3181915266037666]",1024,1,COBYLA,100,42,73,0.0712890625,0.017578125,9.63676301860087,11.658292427846149,9.63676301860087,9.636763018600874,31,28,29,0.19580578804016113,0.0,0.0,3.14.3,2.3.1,0.17.2,AerSimulator,2026-10-07T22:50:54.682605
cost_conflict_004,3004,cost_conflict,3,3,7,7,True,8.147812913438072,"{""0,0"": 1, ""1,2"": 1, ""2,1"": 1}",0.0008308887481689453,True,8.147812913438072,"{""0,0"": 1, ""1,2"": 1, ""2,1"": 1}",1.71661376953125e-05,False,True,37.4771702341835,"[0.4744747204047191, 0.9795502691589538]",1024,1,COBYLA,100,42,72,0.0703125,0.05859375,8.147812913438072,8.463834499422877,8.147812913438072,8.14781291343807,25,20,36,0.1754748821258545,0.0,0.0,3.14.3,2.3.1,0.17.2,AerSimulator,2026-10-07T22:50:54.859112
cost_conflict_005,3005,cost_conflict,3,3,8,8,True,9.746882083202118,"{""0,0"": 1, ""1,2"": 1, ""2,1"": 1}",0.0017871856689453125,True,12.405343088812298,"{""0,0"": 1, ""1,1"": 1, ""2,2"": 1}",1.8835067749023438e-05,False,True,62.360735692586324,"[1.018364163863405, 0.23685448977886597]",1024,1,COBYLA,100,42,34,0.033203125,0.0087890625,9.746882083202118,15.92372128323574,9.746882083202118,9.746882083202117,31,28,31,0.20895695686340332,0.0,0.0,3.14.3,2.3.1,0.17.2,AerSimulator,2026-10-07T22:50:55.070074
cost_conflict_006,3006,cost_conflict,3,3,7,7,True,7.525292407120093,"{""0,0"": 1, ""1,1"": 1, ""2,2"": 1}",0.0008311271667480469,True,11.39341920777392,"{""0,0"": 1, ""1,2"": 1, ""2,1"": 1}",1.8835067749023438e-05,False,True,49.63938113708889,"[1.8637572599007106, -1.6549272607215744]",1024,1,COBYLA,100,42,22,0.021484375,0.005859375,7.525292407120093,10.687421295121474,7.525292407120093,7.525292407120094,25,20,33,0.15651392936706543,0.0,0.0,3.14.3,2.3.1,0.17.2,AerSimulator,2026-10-07T22:50:55.227614
cost_conflict_007,3007,cost_conflict,3,3,9,9,True,7.094021835653768,"{""0,0"": 1, ""1,2"": 1, ""2,1"": 1}",0.003638029098510742,True,11.844824897087426,"{""0,0"": 1, ""1,1"": 1, ""2,2"": 1}",1.8835067749023438e-05,False,True,86.38364535746511,"[1.8290904666825103, -0.5133916140932296]",1024,1,COBYLA,100,42,13,0.0126953125,0.0,8.726706380774893,19.087648707738037,8.726706380774893,8.726706380774893,37,36,31,0.2945859432220459,1.6326845451211245,0.23014935433598932,3.14.3,2.3.1,0.17.2,AerSimulator,2026-10-07T22:50:55.526063
cost_conflict_008,3008,cost_conflict,3,3,9,9,True,8.48983094708459,"{""0,0"": 1, ""1,2"": 1, ""2,1"": 1}",0.0035800933837890625,True,10.531027481652567,"{""0,0"": 1, ""1,1"": 1, ""2,2"": 1}",1.9073486328125e-05,False,True,71.67029842012147,"[1.0212186556729235, 0.10406052114240265]",1024,1,COBYLA,100,42,26,0.025390625,0.001953125,8.48983094708459,15.045947679082381,8.48983094708459,8.489830947084592,37,36,32,0.3233327865600586,0.0,0.0,3.14.3,2.3.1,0.17.2,AerSimulator,2026-10-07T22:50:55.853241
cost_conflict_009,3009,cost_conflict,3,3,7,7,True,7.458760736288259,"{""0,0"": 1, ""1,1"": 1, ""2,2"": 1}",0.0008339881896972656,True,10.081791113950215,"{""0,0"": 1, ""1,2"": 1, ""2,1"": 1}",1.6927719116210938e-05,False,True,29.602005891165533,"[1.0695736272071514, 0.3553975268553087]",1024,1,COBYLA,100,42,174,0.169921875,0.0322265625,7.458760736288259,9.685983570925707,7.458760736288259,7.458760736288255,25,20,33,0.1442561149597168,0.0,0.0,3.14.3,2.3.1,0.17.2,AerSimulator,2026-10-07T22:50:55.998540
cost_conflict_010,3010,cost_conflict,3,3,7,7,True,11.893363782605128,"{""0,0"": 1, ""1,2"": 1, ""2,1"": 1}",0.0008161067962646484,True,11.893363782605128,"{""0,0"": 1, ""1,2"": 1, ""2,1"": 1}",1.6927719116210938e-05,False,True,28.789664599407164,"[1.4960063690706904, -1.1131399347143698]",1024,1,COBYLA,100,42,47,0.0458984375,0.009765625,11.893363782605128,12.713221432254251,11.893363782605128,11.893363782605128,25,20,34,0.14026498794555664,0.0,0.0,3.14.3,2.3.1,0.17.2,AerSimulator,2026-10-07T22:50:56.139795
cost_conflict_011,3011,cost_conflict,3,3,9,9,True,7.9051615195119425,"{""0,1"": 1, ""1,2"": 1, ""2,0"": 1}",0.00356292724609375,True,11.757937534817371,"{""0,0"": 1, ""1,1"": 1, ""2,2"": 1}",1.5974044799804688e-05,False,True,82.38048577760918,"[0.7999168197888971, -0.3822921576016542]",1024,1,COBYLA,100,42,21,0.0205078125,0.001953125,7.9051615195119425,15.88374441121127,7.9051615195119425,7.9051615195119425,37,36,32,0.2978229522705078,0.0,0.0,3.14.3,2.3.1,0.17.2,AerSimulator,2026-10-07T22:50:56.441383
cost_conflict_012,3012,cost_conflict,3,3,7,7,True,9.245092082720527,"{""0,0"": 1, ""1,2"": 1, ""2,1"": 1}",0.0008220672607421875,True,9.245092082720527,"{""0,0"": 1, ""1,2"": 1, ""2,1"": 1}",1.71661376953125e-05,False,True,33.47201970161464,"[0.6685717710063203, -0.4724799947530562]",1024,1,COBYLA,100,42,74,0.072265625,0.021484375,9.245092082720527,13.971277376095415,9.245092082720527,9.245092082720529,25,20,34,0.14522600173950195,0.0,0.0,3.14.3,2.3.1,0.17.2,AerSimulator,2026-10-07T22:50:56.587617
cost_conflict_013,3013,cost_conflict,3,3,8,8,True,7.864793486874548,"{""0,0"": 1, ""1,2"": 1, ""2,1"": 1}",0.0017108917236328125,True,7.864793486874548,"{""1,2"": 1, ""0,0"": 1, ""2,1"": 1}",1.5974044799804688e-05,False,True,50.82316062507182,"[0.8725757191685659, 0.14549260779575796]",1024,1,COBYLA,100,42,7,0.0068359375,0.0009765625,7.864793486874548,10.099538449930337,7.864793486874548,7.86479348687455,31,28,28,0.19096803665161133,0.0,0.0,3.14.3,2.3.1,0.17.2,AerSimulator,2026-10-07T22:50:56.780477
cost_conflict_014,3014,cost_conflict,3,3,9,9,True,10.143992781413909,"{""0,0"": 1, ""1,1"": 1, ""2,2"": 1}",0.003571033477783203,True,10.143992781413909,"{""0,0"": 1, ""1,1"": 1, ""2,2"": 1}",1.6927719116210938e-05,False,True,77.88949953692396,"[1.0369024735546684, 0.09993257470392383]",1024,1,COBYLA,100,42,12,0.01171875,0.005859375,10.143992781413909,13.107362554372186,10.143992781413909,10.14399278141391,37,36,32,0.33008265495300293,0.0,0.0,3.14.3,2.3.1,0.17.2,AerSimulator,2026-10-07T22:50:57.114335
cost_conflict_015,3015,cost_conflict,3,3,7,7,True,7.415820905368557,"{""0,0"": 1, ""1,1"": 1, ""2,2"": 1}",0.0008246898651123047,True,9.723519902172221,"{""0,0"": 1, ""1,2"": 1, ""2,1"": 1}",1.8358230590820312e-05,False,True,36.55560275501764,"[1.0767963500090583, 0.16276487133716133]",1024,1,COBYLA,100,42,89,0.0869140625,0.0302734375,7.415820905368557,9.89665986307244,7.415820905368557,7.415820905368555,25,20,45,0.18702101707458496,0.0,0.0,3.14.3,2.3.1,0.17.2,AerSimulator,2026-10-07T22:50:57.302375
cost_conflict_016,3016,cost_conflict,3,3,7,7,True,9.735784922484033,"{""0,0"": 1, ""1,2"": 1, ""2,1"": 1}",0.0008227825164794922,True,9.735784922484033,"{""0,0"": 1, ""1,2"": 1, ""2,1"": 1}",1.71661376953125e-05,False,True,43.19191063119423,"[0.988389789016825, 0.399146034912616]",1024,1,COBYLA,100,42,66,0.064453125,0.0302734375,9.735784922484033,12.049063572764663,9.735784922484033,9.735784922484036,25,20,32,0.1442279815673828,0.0,0.0,3.14.3,2.3.1,0.17.2,AerSimulator,2026-10-07T22:50:57.447608
cost_conflict_017,3017,cost_conflict,3,3,8,8,True,8.906691685924155,"{""0,1"": 1, ""1,2"": 1, ""2,0"": 1}",0.0017070770263671875,True,12.484911153817162,"{""1,2"": 1, ""0,0"": 1, ""2,1"": 1}",1.8835067749023438e-05,False,True,50.18099186456801,"[1.8862966835130497, -0.4442653298881849]",1024,1,COBYLA,100,42,5,0.0048828125,0.0,12.484911153817162,12.80035596565916,12.484911153817162,12.484911153817158,31,28,31,0.18251395225524902,3.578219467893007,0.40174506922114617,3.14.3,2.3.1,0.17.2,AerSimulator,2026-10-07T22:50:57.632024
cost_conflict_018,3018,cost_conflict,3,3,9,9,True,7.888371189724581,"{""0,1"": 1, ""1,2"": 1, ""2,0"": 1}",0.003577709197998047,True,7.889902758934563,"{""0,0"": 1, ""1,1"": 1, ""2,2"": 1}",1.9073486328125e-05,False,True,62.27745097379448,"[2.3521646251661967, 0.31562173196644594]",1024,1,COBYLA,100,42,19,0.0185546875,0.00390625,7.888371189724581,12.224011707370812,7.888371189724581,7.88837118972458,37,36,29,0.2812678813934326,0.0,0.0,3.14.3,2.3.1,0.17.2,AerSimulator,2026-10-07T22:50:57.917072
cost_conflict_019,3019,cost_conflict,3,3,8,8,True,8.219737256802816,"{""0,0"": 1, ""1,1"": 1, ""2,2"": 1}",0.0017058849334716797,True,10.545403172760537,"{""1,2"": 1, ""0,0"": 1, ""2,1"": 1}",1.7881393432617188e-05,False,True,48.00889246734311,"[1.0058410831001672, 0.24108203514045207]",1024,1,COBYLA,100,42,87,0.0849609375,0.021484375,8.219737256802816,10.405947472517152,8.219737256802816,8.219737256802816,31,28,29,0.18481922149658203,0.0,0.0,3.14.3,2.3.1,0.17.2,AerSimulator,2026-10-07T22:50:58.103774
cost_conflict_020,3020,cost_conflict,3,3,9,9,True,7.577624280440194,"{""0,0"": 1, ""1,2"": 1, ""2,1"": 1}",0.003580331802368164,True,8.08944576745317,"{""0,0"": 1, ""1,1"": 1, ""2,2"": 1}",1.9788742065429688e-05,False,True,61.80142114058489,"[0.5931920109684887, -0.13455639407830494]",1024,1,COBYLA,100,42,17,0.0166015625,0.00390625,7.577624280440194,10.855647743149826,7.577624280440194,7.577624280440197,37,36,32,0.33269786834716797,0.0,0.0,3.14.3,2.3.1,0.17.2,AerSimulator,2026-10-07T22:50:58.440257
cost_conflict_021,3021,cost_conflict,3,3,7,7,True,8.522419708207181,"{""0,0"": 1, ""1,1"": 1, ""2,2"": 1}",0.0008308887481689453,True,10.628577436073881,"{""0,0"": 1, ""1,2"": 1, ""2,1"": 1}",1.621246337890625e-05,False,True,33.92948184174597,"[1.009352281725577, 0.490221904652965]",1024,1,COBYLA,100,42,127,0.1240234375,0.0234375,8.522419708207181,10.454476568617785,8.522419708207181,8.522419708207181,25,20,33,0.15301203727722168,0.0,0.0,3.14.3,2.3.1,0.17.2,AerSimulator,2026-10-07T22:50:58.594296
cost_conflict_022,3022,cost_conflict,3,3,8,8,True,7.074660278954296,"{""0,0"": 1, ""1,2"": 1, ""2,1"": 1}",0.0017168521881103516,True,11.533820018523848,"{""0,0"": 1, ""1,1"": 1, ""2,2"": 1}",1.71661376953125e-05,False,True,47.79522203148261,"[1.040190532750508, -1.2997705739563938]",1024,1,COBYLA,100,42,33,0.0322265625,0.005859375,7.074660278954296,13.420124848870739,7.074660278954296,7.074660278954298,31,28,32,0.21152114868164062,0.0,0.0,3.14.3,2.3.1,0.17.2,AerSimulator,2026-10-07T22:50:58.807736
cost_conflict_023,3023,cost_conflict,3,3,8,8,True,7.818085012213906,"{""0,0"": 1, ""1,2"": 1, ""2,1"": 1}",0.0017299652099609375,True,11.220222612615744,"{""0,0"": 1, ""1,1"": 1, ""2,2"": 1}",1.811981201171875e-05,False,True,62.293299056342235,"[0.8152376590836274, -1.176850197563365]",1024,1,COBYLA,100,42,35,0.0341796875,0.0029296875,7.818085012213906,14.065175705575596,7.818085012213906,7.818085012213906,31,28,30,0.19536995887756348,0.0,0.0,3.14.3,2.3.1,0.17.2,AerSimulator,2026-10-07T22:50:59.005043
cost_conflict_024,3024,cost_conflict,3,3,9,9,True,8.634939730156148,"{""0,0"": 1, ""1,1"": 1, ""2,2"": 1}",0.00360107421875,True,8.634939730156148,"{""0,0"": 1, ""1,1"": 1, ""2,2"": 1}",1.7881393432617188e-05,False,True,69.70908915491499,"[2.0400651819725413, 0.03647794621585572]",1024,1,COBYLA,100,42,13,0.0126953125,0.00390625,8.634939730156148,15.843270425830438,8.634939730156148,8.634939730156148,37,36,32,0.3511769771575928,0.0,0.0,3.14.3,2.3.1,0.17.2,AerSimulator,2026-10-07T22:50:59.360054
cost_conflict_025,3025,cost_conflict,3,3,9,9,True,8.788750697908277,"{""0,0"": 1, ""1,2"": 1, ""2,1"": 1}",0.006093025207519531,True,11.496808416870417,"{""0,0"": 1, ""1,1"": 1, ""2,2"": 1}",2.193450927734375e-05,False,True,46.24042716496324,"[2.546164930856844, -2.333845504040636]",1024,1,COBYLA,100,42,67,0.0654296875,0.0,8.858576783374868,18.622950910927017,8.858576783374868,8.858576783374865,37,36,34,0.2577931880950928,0.06982608546659108,0.007944938691139537,3.14.3,2.3.1,0.17.2,AerSimulator,2026-10-07T22:50:59.624154
cost_conflict_026,3026,cost_conflict,3,3,8,8,True,7.212966040690416,"{""0,0"": 1, ""1,2"": 1, ""2,1"": 1}",0.0017120838165283203,True,7.212966040690416,"{""1,2"": 1, ""0,0"": 1, ""2,1"": 1}",1.6689300537109375e-05,False,True,32.13499899429731,"[2.2644233610009112, 1.1181413163194756]",1024,1,COBYLA,100,42,13,0.0126953125,0.0029296875,7.212966040690416,9.27913787692279,7.212966040690416,7.212966040690414,31,28,35,0.21244001388549805,0.0,0.0,3.14.3,2.3.1,0.17.2,AerSimulator,2026-10-07T22:50:59.838510
cost_conflict_027,3027,cost_conflict,3,3,8,8,True,8.02290097542129,"{""0,0"": 1, ""1,1"": 1, ""2,2"": 1}",0.0017631053924560547,True,8.02290097542129,"{""0,0"": 1, ""1,1"": 1, ""2,2"": 1}",1.6927719116210938e-05,False,True,34.85877902068027,"[0.7274718854885588, -0.3282974248825293]",1024,1,COBYLA,100,42,68,0.06640625,0.0029296875,8.02290097542129,15.184471340149244,8.02290097542129,8.02290097542129,31,28,30,0.1856551170349121,0.0,0.0,3.14.3,2.3.1,0.17.2,AerSimulator,2026-10-07T22:51:00.026129
cost_conflict_028,3028,cost_conflict,3,3,8,8,True,7.878884181040475,"{""0,1"": 1, ""1,2"": 1, ""2,0"": 1}",0.0017099380493164062,True,9.526499366767998,"{""1,2"": 1, ""0,0"": 1, ""2,1"": 1}",1.9073486328125e-05,False,True,56.7232944388416,"[2.0555179522846014, 1.0784857372456138]",1024,1,COBYLA,100,42,32,0.03125,0.0048828125,7.878884181040475,11.31223856634237,7.878884181040475,7.878884181040473,31,28,27,0.17693018913269043,0.0,0.0,3.14.3,2.3.1,0.17.2,AerSimulator,2026-10-07T22:51:00.204958
cost_conflict_029,3029,cost_conflict,3,3,8,8,True,8.443355038525624,"{""0,0"": 1, ""1,1"": 1, ""2,2"": 1}",0.0017080307006835938,True,8.511890907978552,"{""1,2"": 1, ""0,0"": 1, ""2,1"": 1}",1.7881393432617188e-05,False,True,24.39695633735711,"[0.643340789325387, 0.7707025152484797]",1024,1,COBYLA,100,42,8,0.0078125,0.0009765625,8.443355038525624,8.664383341823772,8.443355038525624,8.443355038525624,31,28,32,0.17020916938781738,0.0,0.0,3.14.3,2.3.1,0.17.2,AerSimulator,2026-10-07T22:51:00.377085
